stage,avg_sentiment,topic_-1_ratio
before_filter,0.9016136462808886,0.47363821730265077
after_filter,0.8976969401188841,0.36711786068009244
delta(after-before),-0.003916706162004457,-0.10652035662255832
